,dataset,label,predicted
0,semeval_2021_task_7,tensor(0),<pad> unfunny</s>
1,semeval_2021_task_7,tensor(1),<pad> funny</s><pad><pad><pad><pad>
2,semeval_2021_task_7,tensor(1),<pad> funny</s><pad><pad><pad><pad>
3,semeval_2021_task_7,tensor(1),<pad> funny</s><pad><pad><pad><pad>
4,semeval_2021_task_7,tensor(0),<pad> unfunny</s>
5,semeval_2021_task_7,tensor(0),<pad> unfunny</s>
6,semeval_2021_task_7,tensor(1),<pad> funny</s><pad><pad><pad><pad>
7,semeval_2021_task_7,tensor(1),<pad> funny</s><pad><pad><pad><pad>
8,semeval_2021_task_7,tensor(1),<pad> funny</s><pad><pad><pad><pad>
9,semeval_2021_task_7,tensor(0),<pad> unfunny</s>
10,semeval_2021_task_7,tensor(0),<pad> unfunny</s>
11,semeval_2021_task_7,tensor(1),<pad> funny</s><pad><pad><pad><pad>
12,semeval_2021_task_7,tensor(0),<pad> unfunny</s>
13,semeval_2021_task_7,tensor(1),<pad> funny</s><pad><pad><pad><pad>
14,semeval_2021_task_7,tensor(1),<pad> funny</s><pad><pad><pad><pad>
15,semeval_2021_task_7,tensor(0),<pad> unfunny</s>
16,semeval_2021_task_7,tensor(1),<pad> funny</s><pad><pad><pad><pad>
17,semeval_2021_task_7,tensor(0),<pad> unfunny</s>
18,semeval_2021_task_7,tensor(0),<pad> unfunny</s>
19,semeval_2021_task_7,tensor(1),<pad> funny</s><pad><pad><pad><pad>
20,semeval_2021_task_7,tensor(1),<pad> funny</s><pad><pad><pad><pad>
21,semeval_2021_task_7,tensor(0),<pad> unfunny</s>
22,semeval_2021_task_7,tensor(0),<pad> unfunny</s>
23,semeval_2021_task_7,tensor(1),<pad> funny</s><pad><pad><pad><pad>
24,semeval_2021_task_7,tensor(1),<pad> funny</s><pad><pad><pad><pad>
25,semeval_2021_task_7,tensor(0),<pad> unfunny</s>
26,semeval_2021_task_7,tensor(1),<pad> funny</s><pad><pad><pad><pad>
27,semeval_2021_task_7,tensor(1),<pad> funny</s><pad><pad><pad><pad>
28,semeval_2021_task_7,tensor(1),<pad> Funny</s><pad><pad><pad><pad>
29,semeval_2021_task_7,tensor(1),<pad> funny</s><pad><pad><pad><pad>
30,semeval_2021_task_7,tensor(0),<pad> unfunny</s>
31,semeval_2021_task_7,tensor(1),<pad> funny</s><pad><pad><pad><pad>
32,semeval_2021_task_7,tensor(1),<pad> funny</s><pad><pad><pad><pad>
33,semeval_2021_task_7,tensor(1),<pad> funny</s><pad><pad><pad><pad>
34,semeval_2021_task_7,tensor(1),<pad> funny</s><pad><pad><pad><pad>
35,semeval_2021_task_7,tensor(1),<pad> funny</s><pad><pad><pad><pad>
36,semeval_2021_task_7,tensor(1),<pad> unfunny</s>
37,semeval_2021_task_7,tensor(0),<pad> unfunny</s>
38,semeval_2021_task_7,tensor(1),<pad> funny</s><pad><pad><pad><pad>
39,semeval_2021_task_7,tensor(0),<pad> unfunny</s>
40,semeval_2021_task_7,tensor(1),<pad> unfunny</s>
41,semeval_2021_task_7,tensor(1),<pad> funny</s><pad><pad><pad><pad>
42,semeval_2021_task_7,tensor(1),<pad> funny</s><pad><pad><pad><pad>
43,semeval_2021_task_7,tensor(1),<pad> unfunny</s>
44,semeval_2021_task_7,tensor(1),<pad> funny</s><pad><pad><pad><pad>
45,semeval_2021_task_7,tensor(0),<pad> unfunny</s>
46,semeval_2021_task_7,tensor(0),<pad> unfunny</s>
47,semeval_2021_task_7,tensor(1),<pad> funny</s><pad><pad><pad><pad>
48,semeval_2021_task_7,tensor(1),<pad> funny</s><pad><pad><pad><pad>
49,semeval_2021_task_7,tensor(1),<pad> funny</s><pad><pad><pad><pad>
50,semeval_2021_task_7,tensor(0),<pad> unfunny</s>
51,semeval_2021_task_7,tensor(1),<pad> funny</s><pad><pad><pad><pad>
52,semeval_2021_task_7,tensor(0),<pad> unfunny</s>
53,semeval_2021_task_7,tensor(0),<pad> unfunny</s>
54,semeval_2021_task_7,tensor(0),<pad> unfunny</s>
55,semeval_2021_task_7,tensor(1),<pad> funny</s><pad><pad><pad><pad>
56,semeval_2021_task_7,tensor(1),<pad> funny</s><pad><pad><pad><pad>
57,semeval_2021_task_7,tensor(0),<pad> funny</s><pad><pad><pad><pad>
58,semeval_2021_task_7,tensor(0),<pad> funny</s><pad><pad><pad><pad>
59,semeval_2021_task_7,tensor(1),<pad> funny</s><pad><pad><pad><pad>
60,semeval_2021_task_7,tensor(1),<pad> funny</s><pad><pad><pad><pad>
61,semeval_2021_task_7,tensor(1),<pad> funny</s><pad><pad><pad><pad>
62,semeval_2021_task_7,tensor(1),<pad> funny</s><pad><pad><pad><pad>
63,semeval_2021_task_7,tensor(1),<pad> funny</s><pad><pad><pad><pad>
64,semeval_2021_task_7,tensor(1),<pad> funny</s><pad><pad><pad><pad>
65,semeval_2021_task_7,tensor(0),<pad> unfunny</s>
66,semeval_2021_task_7,tensor(0),<pad> unfunny</s>
67,semeval_2021_task_7,tensor(1),<pad> funny</s><pad><pad><pad><pad>
68,semeval_2021_task_7,tensor(0),<pad> funny</s><pad><pad><pad><pad>
69,semeval_2021_task_7,tensor(1),<pad> funny</s><pad><pad><pad><pad>
70,semeval_2021_task_7,tensor(0),<pad> unfunny</s>
71,semeval_2021_task_7,tensor(1),<pad> funny</s><pad><pad><pad><pad>
72,semeval_2021_task_7,tensor(1),<pad> funny</s><pad><pad><pad><pad>
73,semeval_2021_task_7,tensor(0),<pad> unfunny</s>
74,semeval_2021_task_7,tensor(0),<pad> unfunny</s>
75,semeval_2021_task_7,tensor(1),<pad> funny</s><pad><pad><pad><pad>
76,semeval_2021_task_7,tensor(0),<pad> unfunny</s>
77,semeval_2021_task_7,tensor(1),<pad> funny</s><pad><pad><pad><pad>
78,semeval_2021_task_7,tensor(0),<pad> funny</s><pad><pad><pad><pad>
79,semeval_2021_task_7,tensor(0),<pad> unfunny</s>
80,semeval_2021_task_7,tensor(1),<pad> funny</s><pad><pad><pad><pad>
81,semeval_2021_task_7,tensor(0),<pad> unfunny</s>
82,semeval_2021_task_7,tensor(0),<pad> funny</s><pad><pad><pad><pad>
83,semeval_2021_task_7,tensor(0),<pad> unfunny</s>
84,semeval_2021_task_7,tensor(1),<pad> funny</s><pad><pad><pad><pad>
85,semeval_2021_task_7,tensor(0),<pad> funny</s><pad><pad><pad><pad>
86,semeval_2021_task_7,tensor(0),<pad> unfunny</s>
87,semeval_2021_task_7,tensor(1),<pad> funny</s><pad><pad><pad><pad>
88,semeval_2021_task_7,tensor(0),<pad> funny</s><pad><pad><pad><pad>
89,semeval_2021_task_7,tensor(0),<pad> unfunny</s>
90,semeval_2021_task_7,tensor(1),<pad> funny</s><pad><pad><pad><pad>
91,semeval_2021_task_7,tensor(1),<pad> funny</s><pad><pad><pad><pad>
92,semeval_2021_task_7,tensor(1),<pad> funny</s><pad><pad><pad><pad>
93,semeval_2021_task_7,tensor(0),<pad> unfunny</s>
94,semeval_2021_task_7,tensor(0),<pad> unfunny</s>
95,semeval_2021_task_7,tensor(1),<pad> Funny</s><pad><pad><pad><pad>
96,semeval_2021_task_7,tensor(1),<pad> funny</s><pad><pad><pad><pad>
97,semeval_2021_task_7,tensor(1),<pad> funny</s><pad><pad><pad><pad>
98,semeval_2021_task_7,tensor(1),<pad> funny</s><pad><pad><pad><pad>
99,semeval_2021_task_7,tensor(1),<pad> funny</s><pad><pad><pad><pad>
100,semeval_2021_task_7,tensor(0),<pad> unfunny</s>
101,semeval_2021_task_7,tensor(1),<pad> funny</s><pad><pad><pad><pad>
102,semeval_2021_task_7,tensor(0),<pad> unfunny</s>
103,semeval_2021_task_7,tensor(1),<pad> funny</s><pad><pad><pad><pad>
104,semeval_2021_task_7,tensor(0),<pad> unfunny</s>
105,semeval_2021_task_7,tensor(0),<pad> unfunny</s>
106,semeval_2021_task_7,tensor(1),<pad> funny</s><pad><pad><pad><pad>
107,semeval_2021_task_7,tensor(1),<pad> funny</s><pad><pad><pad><pad>
108,semeval_2021_task_7,tensor(0),<pad> unfunny</s>
109,semeval_2021_task_7,tensor(0),<pad> unfunny</s>
110,semeval_2021_task_7,tensor(1),<pad> funny</s><pad><pad><pad><pad>
111,semeval_2021_task_7,tensor(0),<pad> unfunny</s>
112,semeval_2021_task_7,tensor(0),<pad> unfunny</s>
113,semeval_2021_task_7,tensor(1),<pad> funny</s><pad><pad><pad><pad>
114,semeval_2021_task_7,tensor(0),<pad> unfunny</s>
115,semeval_2021_task_7,tensor(1),<pad> funny</s><pad><pad><pad><pad>
116,semeval_2021_task_7,tensor(1),<pad> funny</s><pad><pad><pad><pad>
117,semeval_2021_task_7,tensor(1),<pad> funny</s><pad><pad><pad><pad>
118,semeval_2021_task_7,tensor(0),<pad> unfunny</s>
119,semeval_2021_task_7,tensor(1),<pad> funny</s><pad><pad><pad><pad>
120,semeval_2021_task_7,tensor(1),<pad> funny</s><pad><pad><pad><pad>
121,semeval_2021_task_7,tensor(1),<pad> funny</s><pad><pad><pad><pad>
122,semeval_2021_task_7,tensor(0),<pad> unfunny</s>
123,semeval_2021_task_7,tensor(0),<pad> unfunny</s>
124,semeval_2021_task_7,tensor(1),<pad> funny</s><pad><pad><pad><pad>
125,semeval_2021_task_7,tensor(1),<pad> funny</s><pad><pad><pad><pad>
126,semeval_2021_task_7,tensor(1),<pad> funny</s><pad><pad><pad><pad>
127,semeval_2021_task_7,tensor(1),<pad> funny</s><pad><pad><pad><pad>
128,semeval_2021_task_7,tensor(1),<pad> funny</s><pad><pad><pad><pad>
129,semeval_2021_task_7,tensor(1),<pad> funny</s><pad><pad><pad><pad>
130,semeval_2021_task_7,tensor(1),<pad> funny</s><pad><pad><pad><pad>
131,semeval_2021_task_7,tensor(0),<pad> unfunny</s>
132,semeval_2021_task_7,tensor(1),<pad> funny</s><pad><pad><pad><pad>
133,semeval_2021_task_7,tensor(1),<pad> funny</s><pad><pad><pad><pad>
134,semeval_2021_task_7,tensor(1),<pad> funny</s><pad><pad><pad><pad>
135,semeval_2021_task_7,tensor(0),<pad> funny</s><pad><pad><pad><pad>
136,semeval_2021_task_7,tensor(1),<pad> unfunny</s>
137,semeval_2021_task_7,tensor(1),<pad> funny</s><pad><pad><pad><pad>
138,semeval_2021_task_7,tensor(1),<pad> funny</s><pad><pad><pad><pad>
139,semeval_2021_task_7,tensor(1),<pad> funny</s><pad><pad><pad><pad>
140,semeval_2021_task_7,tensor(0),<pad> unfunny</s>
141,semeval_2021_task_7,tensor(1),<pad> funny</s><pad><pad><pad><pad>
142,semeval_2021_task_7,tensor(0),<pad> unfunny</s>
143,semeval_2021_task_7,tensor(1),<pad> funny</s><pad><pad><pad><pad>
144,semeval_2021_task_7,tensor(1),<pad> funny</s><pad><pad><pad><pad>
145,semeval_2021_task_7,tensor(1),<pad> funny</s><pad><pad><pad><pad>
146,semeval_2021_task_7,tensor(0),<pad> unfunny</s>
147,semeval_2021_task_7,tensor(1),<pad> funny</s><pad><pad><pad><pad>
148,semeval_2021_task_7,tensor(0),<pad> unfunny</s>
149,semeval_2021_task_7,tensor(1),<pad> funny</s><pad><pad><pad><pad>
150,semeval_2021_task_7,tensor(0),<pad> funny</s><pad><pad><pad><pad>
151,semeval_2021_task_7,tensor(0),<pad> unfunny</s>
152,semeval_2021_task_7,tensor(1),<pad> funny</s><pad><pad><pad><pad>
153,semeval_2021_task_7,tensor(1),<pad> funny</s><pad><pad><pad><pad>
154,semeval_2021_task_7,tensor(1),<pad> funny</s><pad><pad><pad><pad>
155,semeval_2021_task_7,tensor(1),<pad> funny</s><pad><pad><pad><pad>
156,semeval_2021_task_7,tensor(0),<pad> unfunny</s>
157,semeval_2021_task_7,tensor(0),<pad> unfunny</s>
158,semeval_2021_task_7,tensor(1),<pad> funny</s><pad><pad><pad><pad>
159,semeval_2021_task_7,tensor(0),<pad> unfunny</s>
160,semeval_2021_task_7,tensor(1),<pad> funny</s><pad><pad><pad><pad>
161,semeval_2021_task_7,tensor(0),<pad> unfunny</s>
162,semeval_2021_task_7,tensor(0),<pad> unfunny</s>
163,semeval_2021_task_7,tensor(1),<pad> funny</s><pad><pad><pad><pad>
164,semeval_2021_task_7,tensor(0),<pad> unfunny</s>
165,semeval_2021_task_7,tensor(1),<pad> funny</s><pad><pad><pad><pad>
166,semeval_2021_task_7,tensor(1),<pad> funny</s><pad><pad><pad><pad>
167,semeval_2021_task_7,tensor(1),<pad> funny</s><pad><pad><pad><pad>
168,semeval_2021_task_7,tensor(1),<pad> funny</s><pad><pad><pad><pad>
169,semeval_2021_task_7,tensor(1),<pad> funny</s><pad><pad><pad><pad>
170,semeval_2021_task_7,tensor(1),<pad> funny</s><pad><pad><pad><pad>
171,semeval_2021_task_7,tensor(0),<pad> funny</s><pad><pad><pad><pad>
172,semeval_2021_task_7,tensor(0),<pad> unfunny</s>
173,semeval_2021_task_7,tensor(1),<pad> funny</s><pad><pad><pad><pad>
174,semeval_2021_task_7,tensor(0),<pad> funny</s><pad><pad><pad><pad>
175,semeval_2021_task_7,tensor(1),<pad> funny</s><pad><pad><pad><pad>
176,semeval_2021_task_7,tensor(1),<pad> funny</s><pad><pad><pad><pad>
177,semeval_2021_task_7,tensor(0),<pad> unfunny</s>
178,semeval_2021_task_7,tensor(1),<pad> unfunny</s>
179,semeval_2021_task_7,tensor(0),<pad> unfunny</s>
180,semeval_2021_task_7,tensor(1),<pad> funny</s><pad><pad><pad><pad>
181,semeval_2021_task_7,tensor(1),<pad> funny</s><pad><pad><pad><pad>
182,semeval_2021_task_7,tensor(0),<pad> unfunny</s>
183,semeval_2021_task_7,tensor(1),<pad> funny</s><pad><pad><pad><pad>
184,semeval_2021_task_7,tensor(1),<pad> funny</s><pad><pad><pad><pad>
185,semeval_2021_task_7,tensor(1),<pad> unfunny</s>
186,semeval_2021_task_7,tensor(1),<pad> funny</s><pad><pad><pad><pad>
187,semeval_2021_task_7,tensor(0),<pad> unfunny</s>
188,semeval_2021_task_7,tensor(1),<pad> funny</s><pad><pad><pad><pad>
189,semeval_2021_task_7,tensor(0),<pad> unfunny</s>
190,semeval_2021_task_7,tensor(1),<pad> funny</s><pad><pad><pad><pad>
191,semeval_2021_task_7,tensor(0),<pad> unfunny</s>
192,semeval_2021_task_7,tensor(1),<pad> funny</s><pad><pad><pad><pad>
193,semeval_2021_task_7,tensor(0),<pad> unfunny</s>
194,semeval_2021_task_7,tensor(0),<pad> unfunny</s>
195,semeval_2021_task_7,tensor(1),<pad> unfunny</s>
196,semeval_2021_task_7,tensor(1),<pad> funny</s><pad><pad><pad><pad>
197,semeval_2021_task_7,tensor(1),<pad> funny</s><pad><pad><pad><pad>
198,semeval_2021_task_7,tensor(1),<pad> funny</s><pad><pad><pad><pad>
199,semeval_2021_task_7,tensor(0),<pad> unfunny</s>
200,semeval_2021_task_7,tensor(0),<pad> unfunny</s>
201,semeval_2021_task_7,tensor(1),<pad> funny</s><pad><pad><pad><pad>
202,semeval_2021_task_7,tensor(0),<pad> unfunny</s>
203,semeval_2021_task_7,tensor(1),<pad> funny</s><pad><pad><pad><pad>
204,semeval_2021_task_7,tensor(1),<pad> funny</s><pad><pad><pad><pad>
205,semeval_2021_task_7,tensor(1),<pad> funny</s><pad><pad><pad><pad>
206,semeval_2021_task_7,tensor(0),<pad> funny</s><pad><pad><pad><pad>
207,semeval_2021_task_7,tensor(0),<pad> funny</s><pad><pad><pad><pad>
208,semeval_2021_task_7,tensor(1),<pad> funny</s><pad><pad><pad><pad>
209,semeval_2021_task_7,tensor(1),<pad> funny</s><pad><pad><pad><pad>
210,semeval_2021_task_7,tensor(0),<pad> unfunny</s>
211,semeval_2021_task_7,tensor(1),<pad> funny</s><pad><pad><pad><pad>
212,semeval_2021_task_7,tensor(1),<pad> funny</s><pad><pad><pad><pad>
213,semeval_2021_task_7,tensor(1),<pad> funny</s><pad><pad><pad><pad>
214,semeval_2021_task_7,tensor(0),<pad> funny</s><pad><pad><pad><pad>
215,semeval_2021_task_7,tensor(0),<pad> unfunny</s>
216,semeval_2021_task_7,tensor(0),<pad> Unfunny</s>
217,semeval_2021_task_7,tensor(1),<pad> funny</s><pad><pad><pad><pad>
218,semeval_2021_task_7,tensor(0),<pad> unfunny</s>
219,semeval_2021_task_7,tensor(0),<pad> funny</s><pad><pad><pad><pad>
220,semeval_2021_task_7,tensor(1),<pad> funny</s><pad><pad><pad><pad>
221,semeval_2021_task_7,tensor(0),<pad> unfunny</s>
222,semeval_2021_task_7,tensor(0),<pad> unfunny</s>
223,semeval_2021_task_7,tensor(1),<pad> funny</s><pad><pad><pad><pad>
224,semeval_2021_task_7,tensor(0),<pad> unfunny</s>
225,semeval_2021_task_7,tensor(0),<pad> funny</s><pad><pad><pad><pad>
226,semeval_2021_task_7,tensor(0),<pad> unfunny</s>
227,semeval_2021_task_7,tensor(0),<pad> unfunny</s>
228,semeval_2021_task_7,tensor(1),<pad> funny</s><pad><pad><pad><pad>
229,semeval_2021_task_7,tensor(1),<pad> funny</s><pad><pad><pad><pad>
230,semeval_2021_task_7,tensor(1),<pad> unfunny</s>
231,semeval_2021_task_7,tensor(1),<pad> funny</s><pad><pad><pad><pad>
232,semeval_2021_task_7,tensor(1),<pad> funny</s><pad><pad><pad><pad>
233,semeval_2021_task_7,tensor(1),<pad> funny</s><pad><pad><pad><pad>
234,semeval_2021_task_7,tensor(1),<pad> funny</s><pad><pad><pad><pad>
235,semeval_2021_task_7,tensor(1),<pad> funny</s><pad><pad><pad><pad>
236,semeval_2021_task_7,tensor(0),<pad> unfunny</s>
237,semeval_2021_task_7,tensor(1),<pad> funny</s><pad><pad><pad><pad>
238,semeval_2021_task_7,tensor(1),<pad> funny</s><pad><pad><pad><pad>
239,semeval_2021_task_7,tensor(0),<pad> funny</s><pad><pad><pad><pad>
240,semeval_2021_task_7,tensor(0),<pad> unfunny</s>
241,semeval_2021_task_7,tensor(0),<pad> funny</s><pad><pad><pad><pad>
242,semeval_2021_task_7,tensor(0),<pad> unfunny</s>
243,semeval_2021_task_7,tensor(1),<pad> funny</s><pad><pad><pad><pad>
244,semeval_2021_task_7,tensor(0),<pad> unfunny</s>
245,semeval_2021_task_7,tensor(1),<pad> funny</s><pad><pad><pad><pad>
246,semeval_2021_task_7,tensor(0),<pad> unfunny</s>
247,semeval_2021_task_7,tensor(0),<pad> unfunny</s>
248,semeval_2021_task_7,tensor(1),<pad> funny</s><pad><pad><pad><pad>
249,semeval_2021_task_7,tensor(1),<pad> funny</s><pad><pad><pad><pad>
250,semeval_2021_task_7,tensor(0),<pad> unfunny</s>
251,semeval_2021_task_7,tensor(1),<pad> funny</s><pad><pad><pad><pad>
252,semeval_2021_task_7,tensor(1),<pad> funny</s><pad><pad><pad><pad>
253,semeval_2021_task_7,tensor(1),<pad> funny</s><pad><pad><pad><pad>
254,semeval_2021_task_7,tensor(0),<pad> Unfunny</s>
255,semeval_2021_task_7,tensor(1),<pad> funny</s><pad><pad><pad><pad>
256,semeval_2021_task_7,tensor(1),<pad> funny</s><pad><pad><pad><pad>
257,semeval_2021_task_7,tensor(1),<pad> funny</s><pad><pad><pad><pad>
258,semeval_2021_task_7,tensor(1),<pad> funny</s><pad><pad><pad><pad>
259,semeval_2021_task_7,tensor(0),<pad> unfunny</s>
260,semeval_2021_task_7,tensor(1),<pad> funny</s><pad><pad><pad><pad>
261,semeval_2021_task_7,tensor(1),<pad> funny</s><pad><pad><pad><pad>
262,semeval_2021_task_7,tensor(1),<pad> funny</s><pad><pad><pad><pad>
263,semeval_2021_task_7,tensor(0),<pad> unfunny</s>
264,semeval_2021_task_7,tensor(1),<pad> funny</s><pad><pad><pad><pad>
265,semeval_2021_task_7,tensor(0),<pad> funny</s><pad><pad><pad><pad>
266,semeval_2021_task_7,tensor(1),<pad> funny</s><pad><pad><pad><pad>
267,semeval_2021_task_7,tensor(0),<pad> funny</s><pad><pad><pad><pad>
268,semeval_2021_task_7,tensor(1),<pad> funny</s><pad><pad><pad><pad>
269,semeval_2021_task_7,tensor(1),<pad> funny</s><pad><pad><pad><pad>
270,semeval_2021_task_7,tensor(1),<pad> unfunny</s>
271,semeval_2021_task_7,tensor(0),<pad> funny</s><pad><pad><pad><pad>
272,semeval_2021_task_7,tensor(1),<pad> funny</s><pad><pad><pad><pad>
273,semeval_2021_task_7,tensor(0),<pad> funny</s><pad><pad><pad><pad>
274,semeval_2021_task_7,tensor(1),<pad> funny</s><pad><pad><pad><pad>
275,semeval_2021_task_7,tensor(0),<pad> unfunny</s>
276,semeval_2021_task_7,tensor(0),<pad> unfunny</s>
277,semeval_2021_task_7,tensor(1),<pad> funny</s><pad><pad><pad><pad>
278,semeval_2021_task_7,tensor(0),<pad> unfunny</s>
279,semeval_2021_task_7,tensor(1),<pad> funny</s><pad><pad><pad><pad>
280,semeval_2021_task_7,tensor(1),<pad> funny</s><pad><pad><pad><pad>
281,semeval_2021_task_7,tensor(1),<pad> funny</s><pad><pad><pad><pad>
282,semeval_2021_task_7,tensor(1),<pad> funny</s><pad><pad><pad><pad>
283,semeval_2021_task_7,tensor(0),<pad> unfunny</s>
284,semeval_2021_task_7,tensor(1),<pad> funny</s><pad><pad><pad><pad>
285,semeval_2021_task_7,tensor(1),<pad> funny</s><pad><pad><pad><pad>
286,semeval_2021_task_7,tensor(1),<pad> funny</s><pad><pad><pad><pad>
287,semeval_2021_task_7,tensor(0),<pad> unfunny</s>
288,semeval_2021_task_7,tensor(1),<pad> funny</s><pad><pad><pad><pad>
289,semeval_2021_task_7,tensor(1),<pad> funny</s><pad><pad><pad><pad>
290,semeval_2021_task_7,tensor(0),<pad> unfunny</s>
291,semeval_2021_task_7,tensor(1),<pad> funny</s><pad><pad><pad><pad>
292,semeval_2021_task_7,tensor(1),<pad> funny</s><pad><pad><pad><pad>
293,semeval_2021_task_7,tensor(1),<pad> funny</s><pad><pad><pad><pad>
294,semeval_2021_task_7,tensor(1),<pad> funny</s><pad><pad><pad><pad>
295,semeval_2021_task_7,tensor(1),<pad> funny</s><pad><pad><pad><pad>
296,semeval_2021_task_7,tensor(1),<pad> funny</s><pad><pad><pad><pad>
297,semeval_2021_task_7,tensor(0),<pad> funny</s><pad><pad><pad><pad>
298,semeval_2021_task_7,tensor(1),<pad> funny</s><pad><pad><pad><pad>
299,semeval_2021_task_7,tensor(1),<pad> funny</s><pad><pad><pad><pad>
300,semeval_2021_task_7,tensor(0),<pad> Unfunny</s>
301,semeval_2021_task_7,tensor(1),<pad> funny</s><pad><pad><pad><pad>
302,semeval_2021_task_7,tensor(0),<pad> funny</s><pad><pad><pad><pad>
303,semeval_2021_task_7,tensor(0),<pad> unfunny</s>
304,semeval_2021_task_7,tensor(1),<pad> funny</s><pad><pad><pad><pad>
305,semeval_2021_task_7,tensor(0),<pad> unfunny</s>
306,semeval_2021_task_7,tensor(1),<pad> funny</s><pad><pad><pad><pad>
307,semeval_2021_task_7,tensor(1),<pad> funny</s><pad><pad><pad><pad>
308,semeval_2021_task_7,tensor(1),<pad> funny</s><pad><pad><pad><pad>
309,semeval_2021_task_7,tensor(1),<pad> funny</s><pad><pad><pad><pad>
310,semeval_2021_task_7,tensor(0),<pad> funny</s><pad><pad><pad><pad>
311,semeval_2021_task_7,tensor(1),<pad> funny</s><pad><pad><pad><pad>
312,semeval_2021_task_7,tensor(1),<pad> funny</s><pad><pad><pad><pad>
313,semeval_2021_task_7,tensor(1),<pad> funny</s><pad><pad><pad><pad>
314,semeval_2021_task_7,tensor(1),<pad> funny</s><pad><pad><pad><pad>
315,semeval_2021_task_7,tensor(1),<pad> funny</s><pad><pad><pad><pad>
316,semeval_2021_task_7,tensor(1),<pad> funny</s><pad><pad><pad><pad>
317,semeval_2021_task_7,tensor(1),<pad> funny</s><pad><pad><pad><pad>
318,semeval_2021_task_7,tensor(1),<pad> funny</s><pad><pad><pad><pad>
319,semeval_2021_task_7,tensor(0),<pad> funny</s><pad><pad><pad><pad>
320,semeval_2021_task_7,tensor(1),<pad> funny</s><pad><pad><pad><pad>
321,semeval_2021_task_7,tensor(1),<pad> funny</s><pad><pad><pad><pad>
322,semeval_2021_task_7,tensor(1),<pad> funny</s><pad><pad><pad><pad>
323,semeval_2021_task_7,tensor(1),<pad> funny</s><pad><pad><pad><pad>
324,semeval_2021_task_7,tensor(0),<pad> unfunny</s>
325,semeval_2021_task_7,tensor(0),<pad> Funny</s><pad><pad><pad><pad>
326,semeval_2021_task_7,tensor(1),<pad> funny</s><pad><pad><pad><pad>
327,semeval_2021_task_7,tensor(1),<pad> funny</s><pad><pad><pad><pad>
328,semeval_2021_task_7,tensor(0),<pad> unfunny</s>
329,semeval_2021_task_7,tensor(0),<pad> unfunny</s>
330,semeval_2021_task_7,tensor(0),<pad> unfunny</s>
331,semeval_2021_task_7,tensor(0),<pad> unfunny</s>
332,semeval_2021_task_7,tensor(1),<pad> funny</s><pad><pad><pad><pad>
333,semeval_2021_task_7,tensor(1),<pad> funny</s><pad><pad><pad><pad>
334,semeval_2021_task_7,tensor(1),<pad> funny</s><pad><pad><pad><pad>
335,semeval_2021_task_7,tensor(0),<pad> unfunny</s>
336,semeval_2021_task_7,tensor(1),<pad> funny</s><pad><pad><pad><pad>
337,semeval_2021_task_7,tensor(1),<pad> funny</s><pad><pad><pad><pad>
338,semeval_2021_task_7,tensor(1),<pad> funny</s><pad><pad><pad><pad>
339,semeval_2021_task_7,tensor(1),<pad> funny</s><pad><pad><pad><pad>
340,semeval_2021_task_7,tensor(0),<pad> unfunny</s>
341,semeval_2021_task_7,tensor(0),<pad> unfunny</s>
342,semeval_2021_task_7,tensor(1),<pad> funny</s><pad><pad><pad><pad>
343,semeval_2021_task_7,tensor(1),<pad> funny</s><pad><pad><pad><pad>
344,semeval_2021_task_7,tensor(0),<pad> unfunny</s>
345,semeval_2021_task_7,tensor(1),<pad> unfunny</s>
346,semeval_2021_task_7,tensor(1),<pad> Funny</s><pad><pad><pad><pad>
347,semeval_2021_task_7,tensor(1),<pad> funny</s><pad><pad><pad><pad>
348,semeval_2021_task_7,tensor(1),<pad> funny</s><pad><pad><pad><pad>
349,semeval_2021_task_7,tensor(1),<pad> funny</s><pad><pad><pad><pad>
350,semeval_2021_task_7,tensor(0),<pad> unfunny</s>
351,semeval_2021_task_7,tensor(1),<pad> funny</s><pad><pad><pad><pad>
352,semeval_2021_task_7,tensor(1),<pad> unfunny</s>
353,semeval_2021_task_7,tensor(1),<pad> funny</s><pad><pad><pad><pad>
354,semeval_2021_task_7,tensor(0),<pad> unfunny</s>
355,semeval_2021_task_7,tensor(1),<pad> funny</s><pad><pad><pad><pad>
356,semeval_2021_task_7,tensor(0),<pad> unfunny</s>
357,semeval_2021_task_7,tensor(1),<pad> funny</s><pad><pad><pad><pad>
358,semeval_2021_task_7,tensor(1),<pad> funny</s><pad><pad><pad><pad>
359,semeval_2021_task_7,tensor(1),<pad> funny</s><pad><pad><pad><pad>
360,semeval_2021_task_7,tensor(1),<pad> funny</s><pad><pad><pad><pad>
361,semeval_2021_task_7,tensor(1),<pad> funny</s><pad><pad><pad><pad>
362,semeval_2021_task_7,tensor(0),<pad> funny</s><pad><pad><pad><pad>
363,semeval_2021_task_7,tensor(0),<pad> unfunny</s>
364,semeval_2021_task_7,tensor(1),<pad> funny</s><pad><pad><pad><pad>
365,semeval_2021_task_7,tensor(1),<pad> funny</s><pad><pad><pad><pad>
366,semeval_2021_task_7,tensor(0),<pad> unfunny</s>
367,semeval_2021_task_7,tensor(0),<pad> unfunny</s>
368,semeval_2021_task_7,tensor(0),<pad> funny</s><pad><pad><pad><pad>
369,semeval_2021_task_7,tensor(1),<pad> funny</s><pad><pad><pad><pad>
370,semeval_2021_task_7,tensor(1),<pad> funny</s><pad><pad><pad><pad>
371,semeval_2021_task_7,tensor(0),<pad> unfunny</s>
372,semeval_2021_task_7,tensor(1),<pad> unfunny</s>
373,semeval_2021_task_7,tensor(1),<pad> funny</s><pad><pad><pad><pad>
374,semeval_2021_task_7,tensor(1),<pad> funny</s><pad><pad><pad><pad>
375,semeval_2021_task_7,tensor(1),<pad> funny</s><pad><pad><pad><pad>
376,semeval_2021_task_7,tensor(1),<pad> funny</s><pad><pad><pad><pad>
377,semeval_2021_task_7,tensor(1),<pad> funny</s><pad><pad><pad><pad>
378,semeval_2021_task_7,tensor(1),<pad> funny</s><pad><pad><pad><pad>
379,semeval_2021_task_7,tensor(1),<pad> funny</s><pad><pad><pad><pad>
380,semeval_2021_task_7,tensor(0),<pad> unfunny</s>
381,semeval_2021_task_7,tensor(0),<pad> unfunny</s>
382,semeval_2021_task_7,tensor(1),<pad> funny</s><pad><pad><pad><pad>
383,semeval_2021_task_7,tensor(1),<pad> unfunny</s>
384,semeval_2021_task_7,tensor(1),<pad> funny</s><pad><pad><pad><pad>
385,semeval_2021_task_7,tensor(0),<pad> funny</s><pad><pad><pad><pad>
386,semeval_2021_task_7,tensor(1),<pad> funny</s><pad><pad><pad><pad>
387,semeval_2021_task_7,tensor(0),<pad> unfunny</s>
388,semeval_2021_task_7,tensor(0),<pad> unfunny</s>
389,semeval_2021_task_7,tensor(0),<pad> unfunny</s>
390,semeval_2021_task_7,tensor(0),<pad> unfunny</s>
391,semeval_2021_task_7,tensor(1),<pad> funny</s><pad><pad><pad><pad>
392,semeval_2021_task_7,tensor(0),<pad> funny</s><pad><pad><pad><pad>
393,semeval_2021_task_7,tensor(1),<pad> funny</s><pad><pad><pad><pad>
394,semeval_2021_task_7,tensor(0),<pad> unfunny</s>
395,semeval_2021_task_7,tensor(1),<pad> funny</s><pad><pad><pad><pad>
396,semeval_2021_task_7,tensor(0),<pad> unfunny</s>
397,semeval_2021_task_7,tensor(1),<pad> funny</s><pad><pad><pad><pad>
398,semeval_2021_task_7,tensor(1),<pad> unfunny</s>
399,semeval_2021_task_7,tensor(0),<pad> unfunny</s>
400,semeval_2021_task_7,tensor(1),<pad> funny</s><pad><pad><pad><pad>
401,semeval_2021_task_7,tensor(0),<pad> unfunny</s>
402,semeval_2021_task_7,tensor(1),<pad> funny</s><pad><pad><pad><pad>
403,semeval_2021_task_7,tensor(0),<pad> unfunny</s>
404,semeval_2021_task_7,tensor(0),<pad> funny</s><pad><pad><pad><pad>
405,semeval_2021_task_7,tensor(0),<pad> unfunny</s>
406,semeval_2021_task_7,tensor(1),<pad> funny</s><pad><pad><pad><pad>
407,semeval_2021_task_7,tensor(1),<pad> funny</s><pad><pad><pad><pad>
408,semeval_2021_task_7,tensor(1),<pad> funny</s><pad><pad><pad><pad>
409,semeval_2021_task_7,tensor(1),<pad> funny</s><pad><pad><pad><pad>
410,semeval_2021_task_7,tensor(1),<pad> funny</s><pad><pad><pad><pad>
411,semeval_2021_task_7,tensor(0),<pad> unfunny</s>
412,semeval_2021_task_7,tensor(1),<pad> unfunny</s>
413,semeval_2021_task_7,tensor(1),<pad> funny</s><pad><pad><pad><pad>
414,semeval_2021_task_7,tensor(1),<pad> funny</s><pad><pad><pad><pad>
415,semeval_2021_task_7,tensor(1),<pad> funny</s><pad><pad><pad><pad>
416,semeval_2021_task_7,tensor(1),<pad> funny</s><pad><pad><pad><pad>
417,semeval_2021_task_7,tensor(0),<pad> unfunny</s>
418,semeval_2021_task_7,tensor(1),<pad> funny</s><pad><pad><pad><pad>
419,semeval_2021_task_7,tensor(0),<pad> funny</s><pad><pad><pad><pad>
420,semeval_2021_task_7,tensor(1),<pad> funny</s><pad><pad><pad><pad>
421,semeval_2021_task_7,tensor(1),<pad> funny</s><pad><pad><pad><pad>
422,semeval_2021_task_7,tensor(1),<pad> funny</s><pad><pad><pad><pad>
423,semeval_2021_task_7,tensor(0),<pad> funny</s><pad><pad><pad><pad>
424,semeval_2021_task_7,tensor(0),<pad> funny</s><pad><pad><pad><pad>
425,semeval_2021_task_7,tensor(0),<pad> unfunny</s>
426,semeval_2021_task_7,tensor(0),<pad> funny</s><pad><pad><pad><pad>
427,semeval_2021_task_7,tensor(0),<pad> funny</s><pad><pad><pad><pad>
428,semeval_2021_task_7,tensor(1),<pad> funny</s><pad><pad><pad><pad>
429,semeval_2021_task_7,tensor(0),<pad> funny</s><pad><pad><pad><pad>
430,semeval_2021_task_7,tensor(1),<pad> funny</s><pad><pad><pad><pad>
431,semeval_2021_task_7,tensor(1),<pad> funny</s><pad><pad><pad><pad>
432,semeval_2021_task_7,tensor(0),<pad> unfunny</s>
433,semeval_2021_task_7,tensor(1),<pad> funny</s><pad><pad><pad><pad>
434,semeval_2021_task_7,tensor(1),<pad> funny</s><pad><pad><pad><pad>
435,semeval_2021_task_7,tensor(1),<pad> funny</s><pad><pad><pad><pad>
436,semeval_2021_task_7,tensor(1),<pad> funny</s><pad><pad><pad><pad>
437,semeval_2021_task_7,tensor(1),<pad> funny</s><pad><pad><pad><pad>
438,semeval_2021_task_7,tensor(1),<pad> funny</s><pad><pad><pad><pad>
439,semeval_2021_task_7,tensor(0),<pad> unfunny</s>
440,semeval_2021_task_7,tensor(1),<pad> funny</s><pad><pad><pad><pad>
441,semeval_2021_task_7,tensor(0),<pad> unfunny</s>
442,semeval_2021_task_7,tensor(1),<pad> funny</s><pad><pad><pad><pad>
443,semeval_2021_task_7,tensor(1),<pad> funny</s><pad><pad><pad><pad>
444,semeval_2021_task_7,tensor(1),<pad> funny</s><pad><pad><pad><pad>
445,semeval_2021_task_7,tensor(0),<pad> funny</s><pad><pad><pad><pad>
446,semeval_2021_task_7,tensor(1),<pad> funny</s><pad><pad><pad><pad>
447,semeval_2021_task_7,tensor(1),<pad> funny</s><pad><pad><pad><pad>
448,semeval_2021_task_7,tensor(1),<pad> funny</s><pad><pad><pad><pad>
449,semeval_2021_task_7,tensor(1),<pad> funny</s><pad><pad><pad><pad>
450,semeval_2021_task_7,tensor(1),<pad> funny</s><pad><pad><pad><pad>
451,semeval_2021_task_7,tensor(0),<pad> unfunny</s>
452,semeval_2021_task_7,tensor(1),<pad> funny</s><pad><pad><pad><pad>
453,semeval_2021_task_7,tensor(1),<pad> funny</s><pad><pad><pad><pad>
454,semeval_2021_task_7,tensor(1),<pad> funny</s><pad><pad><pad><pad>
455,semeval_2021_task_7,tensor(1),<pad> funny</s><pad><pad><pad><pad>
456,semeval_2021_task_7,tensor(0),<pad> unfunny</s>
457,semeval_2021_task_7,tensor(1),<pad> funny</s><pad><pad><pad><pad>
458,semeval_2021_task_7,tensor(0),<pad> funny</s><pad><pad><pad><pad>
459,semeval_2021_task_7,tensor(1),<pad> funny</s><pad><pad><pad><pad>
460,semeval_2021_task_7,tensor(1),<pad> funny</s><pad><pad><pad><pad>
461,semeval_2021_task_7,tensor(1),<pad> funny</s><pad><pad><pad><pad>
462,semeval_2021_task_7,tensor(0),<pad> unfunny</s>
463,semeval_2021_task_7,tensor(1),<pad> funny</s><pad><pad><pad><pad>
464,semeval_2021_task_7,tensor(0),<pad> unfunny</s>
465,semeval_2021_task_7,tensor(1),<pad> funny</s><pad><pad><pad><pad>
466,semeval_2021_task_7,tensor(0),<pad> funny</s><pad><pad><pad><pad>
467,semeval_2021_task_7,tensor(0),<pad> unfunny</s>
468,semeval_2021_task_7,tensor(0),<pad> unfunny</s>
469,semeval_2021_task_7,tensor(0),<pad> unfunny</s>
470,semeval_2021_task_7,tensor(1),<pad> funny</s><pad><pad><pad><pad>
471,semeval_2021_task_7,tensor(1),<pad> funny</s><pad><pad><pad><pad>
472,semeval_2021_task_7,tensor(0),<pad> unfunny</s>
473,semeval_2021_task_7,tensor(1),<pad> funny</s><pad><pad><pad><pad>
474,semeval_2021_task_7,tensor(1),<pad> funny</s><pad><pad><pad><pad>
475,semeval_2021_task_7,tensor(0),<pad> unfunny</s>
476,semeval_2021_task_7,tensor(0),<pad> unfunny</s>
477,semeval_2021_task_7,tensor(0),<pad> unfunny</s>
478,semeval_2021_task_7,tensor(1),<pad> funny</s><pad><pad><pad><pad>
479,semeval_2021_task_7,tensor(0),<pad> unfunny</s>
480,semeval_2021_task_7,tensor(1),<pad> funny</s><pad><pad><pad><pad>
481,semeval_2021_task_7,tensor(1),<pad> funny</s><pad><pad><pad><pad>
482,semeval_2021_task_7,tensor(1),<pad> funny</s><pad><pad><pad><pad>
483,semeval_2021_task_7,tensor(1),<pad> funny</s><pad><pad><pad><pad>
484,semeval_2021_task_7,tensor(1),<pad> funny</s><pad><pad><pad><pad>
485,semeval_2021_task_7,tensor(1),<pad> funny</s><pad><pad><pad><pad>
486,semeval_2021_task_7,tensor(1),<pad> funny</s><pad><pad><pad><pad>
487,semeval_2021_task_7,tensor(0),<pad> funny</s><pad><pad><pad><pad>
488,semeval_2021_task_7,tensor(0),<pad> unfunny</s>
489,semeval_2021_task_7,tensor(0),<pad> unfunny</s>
490,semeval_2021_task_7,tensor(1),<pad> funny</s><pad><pad><pad><pad>
491,semeval_2021_task_7,tensor(1),<pad> funny</s><pad><pad><pad><pad>
492,semeval_2021_task_7,tensor(1),<pad> funny</s><pad><pad><pad><pad>
493,semeval_2021_task_7,tensor(1),<pad> funny</s><pad><pad><pad><pad>
494,semeval_2021_task_7,tensor(0),<pad> unfunny</s>
495,semeval_2021_task_7,tensor(1),<pad> funny</s><pad><pad><pad><pad>
496,semeval_2021_task_7,tensor(1),<pad> funny</s><pad><pad><pad><pad>
497,semeval_2021_task_7,tensor(0),<pad> unfunny</s>
498,semeval_2021_task_7,tensor(0),<pad> unfunny</s>
499,semeval_2021_task_7,tensor(1),<pad> funny</s><pad><pad><pad><pad>
500,semeval_2021_task_7,tensor(1),<pad> funny</s><pad><pad><pad><pad>
501,semeval_2021_task_7,tensor(0),<pad> funny</s><pad><pad><pad><pad>
502,semeval_2021_task_7,tensor(1),<pad> funny</s><pad><pad><pad><pad>
503,semeval_2021_task_7,tensor(1),<pad> funny</s><pad><pad><pad><pad>
504,semeval_2021_task_7,tensor(0),<pad> unfunny</s>
505,semeval_2021_task_7,tensor(1),<pad> funny</s><pad><pad><pad><pad>
506,semeval_2021_task_7,tensor(1),<pad> funny</s><pad><pad><pad><pad>
507,semeval_2021_task_7,tensor(1),<pad> unfunny</s>
508,semeval_2021_task_7,tensor(1),<pad> funny</s><pad><pad><pad><pad>
509,semeval_2021_task_7,tensor(1),<pad> funny</s><pad><pad><pad><pad>
510,semeval_2021_task_7,tensor(1),<pad> funny</s><pad><pad><pad><pad>
511,semeval_2021_task_7,tensor(1),<pad> funny</s><pad><pad><pad><pad>
512,semeval_2021_task_7,tensor(1),<pad> Unfunny</s>
513,semeval_2021_task_7,tensor(0),<pad> funny</s><pad><pad><pad><pad>
514,semeval_2021_task_7,tensor(0),<pad> unfunny</s>
515,semeval_2021_task_7,tensor(1),<pad> funny</s><pad><pad><pad><pad>
516,semeval_2021_task_7,tensor(1),<pad> funny</s><pad><pad><pad><pad>
517,semeval_2021_task_7,tensor(0),<pad> unfunny</s>
518,semeval_2021_task_7,tensor(1),<pad> funny</s><pad><pad><pad><pad>
519,semeval_2021_task_7,tensor(1),<pad> funny</s><pad><pad><pad><pad>
520,semeval_2021_task_7,tensor(0),<pad> unfunny</s>
521,semeval_2021_task_7,tensor(1),<pad> funny</s><pad><pad><pad><pad>
522,semeval_2021_task_7,tensor(0),<pad> unfunny</s>
523,semeval_2021_task_7,tensor(0),<pad> funny</s><pad><pad><pad><pad>
524,semeval_2021_task_7,tensor(0),<pad> unfunny</s>
525,semeval_2021_task_7,tensor(1),<pad> funny</s><pad><pad><pad><pad>
526,semeval_2021_task_7,tensor(0),<pad> unfunny</s>
527,semeval_2021_task_7,tensor(1),<pad> funny</s><pad><pad><pad><pad>
528,semeval_2021_task_7,tensor(0),<pad> unfunny</s>
529,semeval_2021_task_7,tensor(1),<pad> funny</s><pad><pad><pad><pad>
530,semeval_2021_task_7,tensor(1),<pad> funny</s><pad><pad><pad><pad>
531,semeval_2021_task_7,tensor(1),<pad> funny</s><pad><pad><pad><pad>
532,semeval_2021_task_7,tensor(0),<pad> unfunny</s>
533,semeval_2021_task_7,tensor(1),<pad> funny</s><pad><pad><pad><pad>
534,semeval_2021_task_7,tensor(1),<pad> Funny</s><pad><pad><pad><pad>
535,semeval_2021_task_7,tensor(1),<pad> funny</s><pad><pad><pad><pad>
536,semeval_2021_task_7,tensor(0),<pad> funny</s><pad><pad><pad><pad>
537,semeval_2021_task_7,tensor(1),<pad> funny</s><pad><pad><pad><pad>
538,semeval_2021_task_7,tensor(1),<pad> funny</s><pad><pad><pad><pad>
539,semeval_2021_task_7,tensor(1),<pad> unfunny</s>
540,semeval_2021_task_7,tensor(1),<pad> funny</s><pad><pad><pad><pad>
541,semeval_2021_task_7,tensor(1),<pad> funny</s><pad><pad><pad><pad>
542,semeval_2021_task_7,tensor(1),<pad> funny</s><pad><pad><pad><pad>
543,semeval_2021_task_7,tensor(1),<pad> funny</s><pad><pad><pad><pad>
544,semeval_2021_task_7,tensor(1),<pad> funny</s><pad><pad><pad><pad>
545,semeval_2021_task_7,tensor(1),<pad> unfunny</s>
546,semeval_2021_task_7,tensor(0),<pad> unfunny</s>
547,semeval_2021_task_7,tensor(1),<pad> funny</s><pad><pad><pad><pad>
548,semeval_2021_task_7,tensor(0),<pad> unfunny</s>
549,semeval_2021_task_7,tensor(1),<pad> funny</s><pad><pad><pad><pad>
550,semeval_2021_task_7,tensor(0),<pad> unfunny</s>
551,semeval_2021_task_7,tensor(0),<pad> unfunny</s>
552,semeval_2021_task_7,tensor(1),<pad> funny</s><pad><pad><pad><pad>
553,semeval_2021_task_7,tensor(1),<pad> funny</s><pad><pad><pad><pad>
554,semeval_2021_task_7,tensor(1),<pad> funny</s><pad><pad><pad><pad>
555,semeval_2021_task_7,tensor(1),<pad> funny</s><pad><pad><pad><pad>
556,semeval_2021_task_7,tensor(1),<pad> funny</s><pad><pad><pad><pad>
557,semeval_2021_task_7,tensor(1),<pad> funny</s><pad><pad><pad><pad>
558,semeval_2021_task_7,tensor(1),<pad> funny</s><pad><pad><pad><pad>
559,semeval_2021_task_7,tensor(1),<pad> funny</s><pad><pad><pad><pad>
560,semeval_2021_task_7,tensor(1),<pad> funny</s><pad><pad><pad><pad>
561,semeval_2021_task_7,tensor(0),<pad> unfunny</s>
562,semeval_2021_task_7,tensor(0),<pad> unfunny</s>
563,semeval_2021_task_7,tensor(1),<pad> funny</s><pad><pad><pad><pad>
564,semeval_2021_task_7,tensor(1),<pad> funny</s><pad><pad><pad><pad>
565,semeval_2021_task_7,tensor(0),<pad> funny</s><pad><pad><pad><pad>
566,semeval_2021_task_7,tensor(1),<pad> funny</s><pad><pad><pad><pad>
567,semeval_2021_task_7,tensor(1),<pad> funny</s><pad><pad><pad><pad>
568,semeval_2021_task_7,tensor(0),<pad> unfunny</s>
569,semeval_2021_task_7,tensor(1),<pad> funny</s><pad><pad><pad><pad>
570,semeval_2021_task_7,tensor(0),<pad> unfunny</s>
571,semeval_2021_task_7,tensor(0),<pad> unfunny</s>
572,semeval_2021_task_7,tensor(1),<pad> funny</s><pad><pad><pad><pad>
573,semeval_2021_task_7,tensor(1),<pad> funny</s><pad><pad><pad><pad>
574,semeval_2021_task_7,tensor(0),<pad> unfunny</s>
575,semeval_2021_task_7,tensor(0),<pad> funny</s><pad><pad><pad><pad>
576,semeval_2021_task_7,tensor(0),<pad> unfunny</s>
577,semeval_2021_task_7,tensor(1),<pad> funny</s><pad><pad><pad><pad>
578,semeval_2021_task_7,tensor(1),<pad> funny</s><pad><pad><pad><pad>
579,semeval_2021_task_7,tensor(1),<pad> funny</s><pad><pad><pad><pad>
580,semeval_2021_task_7,tensor(1),<pad> funny</s><pad><pad><pad><pad>
581,semeval_2021_task_7,tensor(1),<pad> funny</s><pad><pad><pad><pad>
582,semeval_2021_task_7,tensor(0),<pad> unfunny</s>
583,semeval_2021_task_7,tensor(1),<pad> funny</s><pad><pad><pad><pad>
584,semeval_2021_task_7,tensor(1),<pad> funny</s><pad><pad><pad><pad>
585,semeval_2021_task_7,tensor(0),<pad> unfunny</s>
586,semeval_2021_task_7,tensor(1),<pad> funny</s><pad><pad><pad><pad>
587,semeval_2021_task_7,tensor(1),<pad> funny</s><pad><pad><pad><pad>
588,semeval_2021_task_7,tensor(0),<pad> unfunny</s>
589,semeval_2021_task_7,tensor(0),<pad> unfunny</s>
590,semeval_2021_task_7,tensor(0),<pad> funny</s><pad><pad><pad><pad>
591,semeval_2021_task_7,tensor(0),<pad> funny</s><pad><pad><pad><pad>
592,semeval_2021_task_7,tensor(0),<pad> funny</s><pad><pad><pad><pad>
593,semeval_2021_task_7,tensor(1),<pad> funny</s><pad><pad><pad><pad>
594,semeval_2021_task_7,tensor(0),<pad> unfunny</s>
595,semeval_2021_task_7,tensor(1),<pad> funny</s><pad><pad><pad><pad>
596,semeval_2021_task_7,tensor(0),<pad> unfunny</s>
597,semeval_2021_task_7,tensor(1),<pad> funny</s><pad><pad><pad><pad>
598,semeval_2021_task_7,tensor(1),<pad> funny</s><pad><pad><pad><pad>
599,semeval_2021_task_7,tensor(1),<pad> funny</s><pad><pad><pad><pad>
600,semeval_2021_task_7,tensor(0),<pad> funny</s><pad><pad><pad><pad>
601,semeval_2021_task_7,tensor(1),<pad> funny</s><pad><pad><pad><pad>
602,semeval_2021_task_7,tensor(1),<pad> unfunny</s>
603,semeval_2021_task_7,tensor(1),<pad> funny</s><pad><pad><pad><pad>
604,semeval_2021_task_7,tensor(0),<pad> unfunny</s>
605,semeval_2021_task_7,tensor(1),<pad> funny</s><pad><pad><pad><pad>
606,semeval_2021_task_7,tensor(1),<pad> funny</s><pad><pad><pad><pad>
607,semeval_2021_task_7,tensor(1),<pad> funny</s><pad><pad><pad><pad>
608,semeval_2021_task_7,tensor(0),<pad> unfunny</s>
609,semeval_2021_task_7,tensor(0),<pad> unfunny</s>
610,semeval_2021_task_7,tensor(1),<pad> funny</s><pad><pad><pad><pad>
611,semeval_2021_task_7,tensor(0),<pad> unfunny</s>
612,semeval_2021_task_7,tensor(1),<pad> funny</s><pad><pad><pad><pad>
613,semeval_2021_task_7,tensor(1),<pad> funny</s><pad><pad><pad><pad>
614,semeval_2021_task_7,tensor(1),<pad> funny</s><pad><pad><pad><pad>
615,semeval_2021_task_7,tensor(0),<pad> unfunny</s>
616,semeval_2021_task_7,tensor(1),<pad> funny</s><pad><pad><pad><pad>
617,semeval_2021_task_7,tensor(1),<pad> funny</s><pad><pad><pad><pad>
618,semeval_2021_task_7,tensor(1),<pad> funny</s><pad><pad><pad><pad>
619,semeval_2021_task_7,tensor(1),<pad> funny</s><pad><pad><pad><pad>
620,semeval_2021_task_7,tensor(1),<pad> funny</s><pad><pad><pad><pad>
621,semeval_2021_task_7,tensor(0),<pad> unfunny</s>
622,semeval_2021_task_7,tensor(0),<pad> unfunny</s>
623,semeval_2021_task_7,tensor(1),<pad> funny</s><pad><pad><pad><pad>
624,semeval_2021_task_7,tensor(1),<pad> funny</s><pad><pad><pad><pad>
625,semeval_2021_task_7,tensor(1),<pad> funny</s><pad><pad><pad><pad>
626,semeval_2021_task_7,tensor(1),<pad> funny</s><pad><pad><pad><pad>
627,semeval_2021_task_7,tensor(1),<pad> funny</s><pad><pad><pad><pad>
628,semeval_2021_task_7,tensor(0),<pad> unfunny</s>
629,semeval_2021_task_7,tensor(1),<pad> funny</s><pad><pad><pad><pad>
630,semeval_2021_task_7,tensor(1),<pad> funny</s><pad><pad><pad><pad>
631,semeval_2021_task_7,tensor(1),<pad> funny</s><pad><pad><pad><pad>
632,semeval_2021_task_7,tensor(1),<pad> funny</s><pad><pad><pad><pad>
633,semeval_2021_task_7,tensor(0),<pad> unfunny</s>
634,semeval_2021_task_7,tensor(0),<pad> funny</s><pad><pad><pad><pad>
635,semeval_2021_task_7,tensor(1),<pad> funny</s><pad><pad><pad><pad>
636,semeval_2021_task_7,tensor(0),<pad> unfunny</s>
637,semeval_2021_task_7,tensor(0),<pad> funny</s><pad><pad><pad><pad>
638,semeval_2021_task_7,tensor(0),<pad> funny</s><pad><pad><pad><pad>
639,semeval_2021_task_7,tensor(0),<pad> unfunny</s>
640,semeval_2021_task_7,tensor(0),<pad> funny</s><pad><pad><pad><pad>
641,semeval_2021_task_7,tensor(1),<pad> funny</s><pad><pad><pad><pad>
642,semeval_2021_task_7,tensor(0),<pad> unfunny</s>
643,semeval_2021_task_7,tensor(0),<pad> unfunny</s>
644,semeval_2021_task_7,tensor(0),<pad> unfunny</s>
645,semeval_2021_task_7,tensor(0),<pad> unfunny</s>
646,semeval_2021_task_7,tensor(0),<pad> funny</s><pad><pad><pad><pad>
647,semeval_2021_task_7,tensor(0),<pad> unfunny</s>
648,semeval_2021_task_7,tensor(1),<pad> funny</s><pad><pad><pad><pad>
649,semeval_2021_task_7,tensor(1),<pad> funny</s><pad><pad><pad><pad>
650,semeval_2021_task_7,tensor(1),<pad> funny</s><pad><pad><pad><pad>
651,semeval_2021_task_7,tensor(1),<pad> funny</s><pad><pad><pad><pad>
652,semeval_2021_task_7,tensor(1),<pad> funny</s><pad><pad><pad><pad>
653,semeval_2021_task_7,tensor(1),<pad> funny</s><pad><pad><pad><pad>
654,semeval_2021_task_7,tensor(1),<pad> funny</s><pad><pad><pad><pad>
655,semeval_2021_task_7,tensor(1),<pad> funny</s><pad><pad><pad><pad>
656,semeval_2021_task_7,tensor(1),<pad> funny</s><pad><pad><pad><pad>
657,semeval_2021_task_7,tensor(1),<pad> funny</s><pad><pad><pad><pad>
658,semeval_2021_task_7,tensor(1),<pad> funny</s><pad><pad><pad><pad>
659,semeval_2021_task_7,tensor(1),<pad> funny</s><pad><pad><pad><pad>
660,semeval_2021_task_7,tensor(1),<pad> funny</s><pad><pad><pad><pad>
661,semeval_2021_task_7,tensor(0),<pad> unfunny</s>
662,semeval_2021_task_7,tensor(1),<pad> funny</s><pad><pad><pad><pad>
663,semeval_2021_task_7,tensor(1),<pad> funny</s><pad><pad><pad><pad>
664,semeval_2021_task_7,tensor(0),<pad> unfunny</s>
665,semeval_2021_task_7,tensor(0),<pad> funny</s><pad><pad><pad><pad>
666,semeval_2021_task_7,tensor(0),<pad> unfunny</s>
667,semeval_2021_task_7,tensor(1),<pad> funny</s><pad><pad><pad><pad>
668,semeval_2021_task_7,tensor(1),<pad> funny</s><pad><pad><pad><pad>
669,semeval_2021_task_7,tensor(1),<pad> funny</s><pad><pad><pad><pad>
670,semeval_2021_task_7,tensor(1),<pad> funny</s><pad><pad><pad><pad>
671,semeval_2021_task_7,tensor(0),<pad> unfunny</s>
672,semeval_2021_task_7,tensor(0),<pad> unfunny</s>
673,semeval_2021_task_7,tensor(1),<pad> funny</s><pad><pad><pad><pad>
674,semeval_2021_task_7,tensor(0),<pad> unfunny</s>
675,semeval_2021_task_7,tensor(0),<pad> unfunny</s>
676,semeval_2021_task_7,tensor(1),<pad> funny</s><pad><pad><pad><pad>
677,semeval_2021_task_7,tensor(0),<pad> unfunny</s>
678,semeval_2021_task_7,tensor(0),<pad> unfunny</s>
679,semeval_2021_task_7,tensor(1),<pad> unfunny</s>
680,semeval_2021_task_7,tensor(0),<pad> unfunny</s>
681,semeval_2021_task_7,tensor(0),<pad> funny</s><pad><pad><pad><pad>
682,semeval_2021_task_7,tensor(1),<pad> funny</s><pad><pad><pad><pad>
683,semeval_2021_task_7,tensor(0),<pad> funny</s><pad><pad><pad><pad>
684,semeval_2021_task_7,tensor(1),<pad> funny</s><pad><pad><pad><pad>
685,semeval_2021_task_7,tensor(1),<pad> funny</s><pad><pad><pad><pad>
686,semeval_2021_task_7,tensor(0),<pad> unfunny</s>
687,semeval_2021_task_7,tensor(0),<pad> unfunny</s>
688,semeval_2021_task_7,tensor(1),<pad> funny</s><pad><pad><pad><pad>
689,semeval_2021_task_7,tensor(1),<pad> funny</s><pad><pad><pad><pad>
690,semeval_2021_task_7,tensor(0),<pad> funny</s><pad><pad><pad><pad>
691,semeval_2021_task_7,tensor(0),<pad> unfunny</s>
692,semeval_2021_task_7,tensor(0),<pad> unfunny</s>
693,semeval_2021_task_7,tensor(0),<pad> funny</s><pad><pad><pad><pad>
694,semeval_2021_task_7,tensor(1),<pad> funny</s><pad><pad><pad><pad>
695,semeval_2021_task_7,tensor(0),<pad> unfunny</s>
696,semeval_2021_task_7,tensor(1),<pad> funny</s><pad><pad><pad><pad>
697,semeval_2021_task_7,tensor(1),<pad> funny</s><pad><pad><pad><pad>
698,semeval_2021_task_7,tensor(0),<pad> funny</s><pad><pad><pad><pad>
699,semeval_2021_task_7,tensor(1),<pad> funny</s><pad><pad><pad><pad>
700,semeval_2021_task_7,tensor(0),<pad> funny</s><pad><pad><pad><pad>
701,semeval_2021_task_7,tensor(0),<pad> funny</s><pad><pad><pad><pad>
702,semeval_2021_task_7,tensor(0),<pad> unfunny</s>
703,semeval_2021_task_7,tensor(0),<pad> funny</s><pad><pad><pad><pad>
704,semeval_2021_task_7,tensor(0),<pad> unfunny</s>
705,semeval_2021_task_7,tensor(1),<pad> funny</s><pad><pad><pad><pad>
706,semeval_2021_task_7,tensor(1),<pad> funny</s><pad><pad><pad><pad>
707,semeval_2021_task_7,tensor(1),<pad> funny</s><pad><pad><pad><pad>
708,semeval_2021_task_7,tensor(1),<pad> funny</s><pad><pad><pad><pad>
709,semeval_2021_task_7,tensor(0),<pad> unfunny</s>
710,semeval_2021_task_7,tensor(0),<pad> unfunny</s>
711,semeval_2021_task_7,tensor(1),<pad> funny</s><pad><pad><pad><pad>
712,semeval_2021_task_7,tensor(1),<pad> unfunny</s>
713,semeval_2021_task_7,tensor(0),<pad> unfunny</s>
714,semeval_2021_task_7,tensor(0),<pad> unfunny</s>
715,semeval_2021_task_7,tensor(1),<pad> funny</s><pad><pad><pad><pad>
716,semeval_2021_task_7,tensor(1),<pad> funny</s><pad><pad><pad><pad>
717,semeval_2021_task_7,tensor(1),<pad> funny</s><pad><pad><pad><pad>
718,semeval_2021_task_7,tensor(0),<pad> unfunny</s>
719,semeval_2021_task_7,tensor(1),<pad> funny</s><pad><pad><pad><pad>
720,semeval_2021_task_7,tensor(1),<pad> funny</s><pad><pad><pad><pad>
721,semeval_2021_task_7,tensor(0),<pad> unfunny</s>
722,semeval_2021_task_7,tensor(0),<pad> funny</s><pad><pad><pad><pad>
723,semeval_2021_task_7,tensor(1),<pad> funny</s><pad><pad><pad><pad>
724,semeval_2021_task_7,tensor(1),<pad> funny</s><pad><pad><pad><pad>
725,semeval_2021_task_7,tensor(1),<pad> funny</s><pad><pad><pad><pad>
726,semeval_2021_task_7,tensor(1),<pad> funny</s><pad><pad><pad><pad>
727,semeval_2021_task_7,tensor(1),<pad> funny</s><pad><pad><pad><pad>
728,semeval_2021_task_7,tensor(0),<pad> unfunny</s>
729,semeval_2021_task_7,tensor(1),<pad> funny</s><pad><pad><pad><pad>
730,semeval_2021_task_7,tensor(1),<pad> funny</s><pad><pad><pad><pad>
731,semeval_2021_task_7,tensor(0),<pad> Unfunny</s>
732,semeval_2021_task_7,tensor(0),<pad> funny</s><pad><pad><pad><pad>
733,semeval_2021_task_7,tensor(1),<pad> funny</s><pad><pad><pad><pad>
734,semeval_2021_task_7,tensor(0),<pad> unfunny</s>
735,semeval_2021_task_7,tensor(0),<pad> unfunny</s>
736,semeval_2021_task_7,tensor(0),<pad> unfunny</s>
737,semeval_2021_task_7,tensor(0),<pad> unfunny</s>
738,semeval_2021_task_7,tensor(0),<pad> unfunny</s>
739,semeval_2021_task_7,tensor(1),<pad> funny</s><pad><pad><pad><pad>
740,semeval_2021_task_7,tensor(1),<pad> funny</s><pad><pad><pad><pad>
741,semeval_2021_task_7,tensor(1),<pad> funny</s><pad><pad><pad><pad>
742,semeval_2021_task_7,tensor(1),<pad> funny</s><pad><pad><pad><pad>
743,semeval_2021_task_7,tensor(1),<pad> funny</s><pad><pad><pad><pad>
744,semeval_2021_task_7,tensor(1),<pad> funny</s><pad><pad><pad><pad>
745,semeval_2021_task_7,tensor(1),<pad> funny</s><pad><pad><pad><pad>
746,semeval_2021_task_7,tensor(1),<pad> funny</s><pad><pad><pad><pad>
747,semeval_2021_task_7,tensor(1),<pad> funny</s><pad><pad><pad><pad>
748,semeval_2021_task_7,tensor(0),<pad> funny</s><pad><pad><pad><pad>
749,semeval_2021_task_7,tensor(1),<pad> funny</s><pad><pad><pad><pad>
750,semeval_2021_task_7,tensor(0),<pad> unfunny</s>
751,semeval_2021_task_7,tensor(1),<pad> funny</s><pad><pad><pad><pad>
752,semeval_2021_task_7,tensor(1),<pad> funny</s><pad><pad><pad><pad>
753,semeval_2021_task_7,tensor(1),<pad> funny</s><pad><pad><pad><pad>
754,semeval_2021_task_7,tensor(1),<pad> funny</s><pad><pad><pad><pad>
755,semeval_2021_task_7,tensor(1),<pad> funny</s><pad><pad><pad><pad>
756,semeval_2021_task_7,tensor(1),<pad> funny</s><pad><pad><pad><pad>
757,semeval_2021_task_7,tensor(1),<pad> funny</s><pad><pad><pad><pad>
758,semeval_2021_task_7,tensor(1),<pad> funny</s><pad><pad><pad><pad>
759,semeval_2021_task_7,tensor(0),<pad> unfunny</s>
760,semeval_2021_task_7,tensor(1),<pad> funny</s><pad><pad><pad><pad>
761,semeval_2021_task_7,tensor(1),<pad> unfunny</s>
762,semeval_2021_task_7,tensor(1),<pad> funny</s><pad><pad><pad><pad>
763,semeval_2021_task_7,tensor(1),<pad> funny</s><pad><pad><pad><pad>
764,semeval_2021_task_7,tensor(1),<pad> funny</s><pad><pad><pad><pad>
765,semeval_2021_task_7,tensor(1),<pad> funny</s><pad><pad><pad><pad>
766,semeval_2021_task_7,tensor(0),<pad> unfunny</s>
767,semeval_2021_task_7,tensor(0),<pad> unfunny</s>
768,semeval_2021_task_7,tensor(1),<pad> funny</s><pad><pad><pad><pad>
769,semeval_2021_task_7,tensor(0),<pad> unfunny</s>
770,semeval_2021_task_7,tensor(1),<pad> funny</s><pad><pad><pad><pad>
771,semeval_2021_task_7,tensor(1),<pad> funny</s><pad><pad><pad><pad>
772,semeval_2021_task_7,tensor(1),<pad> unfunny</s>
773,semeval_2021_task_7,tensor(1),<pad> funny</s><pad><pad><pad><pad>
774,semeval_2021_task_7,tensor(1),<pad> funny</s><pad><pad><pad><pad>
775,semeval_2021_task_7,tensor(0),<pad> funny</s><pad><pad><pad><pad>
776,semeval_2021_task_7,tensor(1),<pad> funny</s><pad><pad><pad><pad>
777,semeval_2021_task_7,tensor(0),<pad> funny</s><pad><pad><pad><pad>
778,semeval_2021_task_7,tensor(1),<pad> funny</s><pad><pad><pad><pad>
779,semeval_2021_task_7,tensor(0),<pad> unfunny</s>
780,semeval_2021_task_7,tensor(1),<pad> funny</s><pad><pad><pad><pad>
781,semeval_2021_task_7,tensor(1),<pad> funny</s><pad><pad><pad><pad>
782,semeval_2021_task_7,tensor(1),<pad> funny</s><pad><pad><pad><pad>
783,semeval_2021_task_7,tensor(1),<pad> funny</s><pad><pad><pad><pad>
784,semeval_2021_task_7,tensor(1),<pad> funny</s><pad><pad><pad><pad>
785,semeval_2021_task_7,tensor(0),<pad> unfunny</s>
786,semeval_2021_task_7,tensor(1),<pad> funny</s><pad><pad><pad><pad>
787,semeval_2021_task_7,tensor(1),<pad> funny</s><pad><pad><pad><pad>
788,semeval_2021_task_7,tensor(0),<pad> funny</s><pad><pad><pad><pad>
789,semeval_2021_task_7,tensor(0),<pad> unfunny</s>
790,semeval_2021_task_7,tensor(0),<pad> funny</s><pad><pad><pad><pad>
791,semeval_2021_task_7,tensor(1),<pad> funny</s><pad><pad><pad><pad>
792,semeval_2021_task_7,tensor(0),<pad> unfunny</s>
793,semeval_2021_task_7,tensor(1),<pad> funny</s><pad><pad><pad><pad>
794,semeval_2021_task_7,tensor(0),<pad> unfunny</s>
795,semeval_2021_task_7,tensor(1),<pad> funny</s><pad><pad><pad><pad>
796,semeval_2021_task_7,tensor(1),<pad> funny</s><pad><pad><pad><pad>
797,semeval_2021_task_7,tensor(1),<pad> funny</s><pad><pad><pad><pad>
798,semeval_2021_task_7,tensor(0),<pad> unfunny</s>
799,semeval_2021_task_7,tensor(1),<pad> funny</s><pad><pad><pad><pad>
800,semeval_2021_task_7,tensor(0),<pad> funny</s><pad><pad><pad><pad>
801,semeval_2021_task_7,tensor(0),<pad> unfunny</s>
802,semeval_2021_task_7,tensor(0),<pad> unfunny</s>
803,semeval_2021_task_7,tensor(0),<pad> unfunny</s>
804,semeval_2021_task_7,tensor(1),<pad> funny</s><pad><pad><pad><pad>
805,semeval_2021_task_7,tensor(1),<pad> funny</s><pad><pad><pad><pad>
806,semeval_2021_task_7,tensor(1),<pad> funny</s><pad><pad><pad><pad>
807,semeval_2021_task_7,tensor(0),<pad> unfunny</s>
808,semeval_2021_task_7,tensor(1),<pad> funny</s><pad><pad><pad><pad>
809,semeval_2021_task_7,tensor(1),<pad> funny</s><pad><pad><pad><pad>
810,semeval_2021_task_7,tensor(1),<pad> unfunny</s>
811,semeval_2021_task_7,tensor(0),<pad> unfunny</s>
812,semeval_2021_task_7,tensor(1),<pad> funny</s><pad><pad><pad><pad>
813,semeval_2021_task_7,tensor(0),<pad> unfunny</s>
814,semeval_2021_task_7,tensor(1),<pad> funny</s><pad><pad><pad><pad>
815,semeval_2021_task_7,tensor(1),<pad> funny</s><pad><pad><pad><pad>
816,semeval_2021_task_7,tensor(1),<pad> funny</s><pad><pad><pad><pad>
817,semeval_2021_task_7,tensor(1),<pad> funny</s><pad><pad><pad><pad>
818,semeval_2021_task_7,tensor(1),<pad> funny</s><pad><pad><pad><pad>
819,semeval_2021_task_7,tensor(1),<pad> funny</s><pad><pad><pad><pad>
820,semeval_2021_task_7,tensor(0),<pad> unfunny</s>
821,semeval_2021_task_7,tensor(1),<pad> funny</s><pad><pad><pad><pad>
822,semeval_2021_task_7,tensor(1),<pad> funny</s><pad><pad><pad><pad>
823,semeval_2021_task_7,tensor(0),<pad> unfunny</s>
824,semeval_2021_task_7,tensor(0),<pad> unfunny</s>
825,semeval_2021_task_7,tensor(0),<pad> unfunny</s>
826,semeval_2021_task_7,tensor(0),<pad> funny</s><pad><pad><pad><pad>
827,semeval_2021_task_7,tensor(1),<pad> funny</s><pad><pad><pad><pad>
828,semeval_2021_task_7,tensor(1),<pad> funny</s><pad><pad><pad><pad>
829,semeval_2021_task_7,tensor(1),<pad> funny</s><pad><pad><pad><pad>
830,semeval_2021_task_7,tensor(1),<pad> funny</s><pad><pad><pad><pad>
831,semeval_2021_task_7,tensor(0),<pad> unfunny</s>
832,semeval_2021_task_7,tensor(0),<pad> unfunny</s>
833,semeval_2021_task_7,tensor(1),<pad> funny</s><pad><pad><pad><pad>
834,semeval_2021_task_7,tensor(0),<pad> unfunny</s>
835,semeval_2021_task_7,tensor(1),<pad> unfunny</s>
836,semeval_2021_task_7,tensor(1),<pad> unfunny</s>
837,semeval_2021_task_7,tensor(0),<pad> funny</s><pad><pad><pad><pad>
838,semeval_2021_task_7,tensor(1),<pad> funny</s><pad><pad><pad><pad>
839,semeval_2021_task_7,tensor(1),<pad> funny</s><pad><pad><pad><pad>
840,semeval_2021_task_7,tensor(1),<pad> funny</s><pad><pad><pad><pad>
841,semeval_2021_task_7,tensor(1),<pad> funny</s><pad><pad><pad><pad>
842,semeval_2021_task_7,tensor(1),<pad> funny</s><pad><pad><pad><pad>
843,semeval_2021_task_7,tensor(0),<pad> unfunny</s>
844,semeval_2021_task_7,tensor(1),<pad> funny</s><pad><pad><pad><pad>
845,semeval_2021_task_7,tensor(1),<pad> funny</s><pad><pad><pad><pad>
846,semeval_2021_task_7,tensor(0),<pad> funny</s><pad><pad><pad><pad>
847,semeval_2021_task_7,tensor(1),<pad> funny</s><pad><pad><pad><pad>
848,semeval_2021_task_7,tensor(1),<pad> funny</s><pad><pad><pad><pad>
849,semeval_2021_task_7,tensor(1),<pad> funny</s><pad><pad><pad><pad>
850,semeval_2021_task_7,tensor(1),<pad> funny</s><pad><pad><pad><pad>
851,semeval_2021_task_7,tensor(0),<pad> unfunny</s>
852,semeval_2021_task_7,tensor(1),<pad> funny</s><pad><pad><pad><pad>
853,semeval_2021_task_7,tensor(0),<pad> unfunny</s>
854,semeval_2021_task_7,tensor(1),<pad> funny</s><pad><pad><pad><pad>
855,semeval_2021_task_7,tensor(0),<pad> unfunny</s>
856,semeval_2021_task_7,tensor(1),<pad> funny</s><pad><pad><pad><pad>
857,semeval_2021_task_7,tensor(0),<pad> unfunny</s>
858,semeval_2021_task_7,tensor(1),<pad> funny</s><pad><pad><pad><pad>
859,semeval_2021_task_7,tensor(1),<pad> funny</s><pad><pad><pad><pad>
860,semeval_2021_task_7,tensor(1),<pad> funny</s><pad><pad><pad><pad>
861,semeval_2021_task_7,tensor(1),<pad> funny</s><pad><pad><pad><pad>
862,semeval_2021_task_7,tensor(0),<pad> unfunny</s>
863,semeval_2021_task_7,tensor(0),<pad> funny</s><pad><pad><pad><pad>
864,semeval_2021_task_7,tensor(0),<pad> funny</s><pad><pad><pad><pad>
865,semeval_2021_task_7,tensor(1),<pad> funny</s><pad><pad><pad><pad>
866,semeval_2021_task_7,tensor(1),<pad> funny</s><pad><pad><pad><pad>
867,semeval_2021_task_7,tensor(0),<pad> unfunny</s>
868,semeval_2021_task_7,tensor(0),<pad> unfunny</s>
869,semeval_2021_task_7,tensor(0),<pad> unfunny</s>
870,semeval_2021_task_7,tensor(1),<pad> funny</s><pad><pad><pad><pad>
871,semeval_2021_task_7,tensor(0),<pad> unfunny</s>
872,semeval_2021_task_7,tensor(0),<pad> unfunny</s>
873,semeval_2021_task_7,tensor(1),<pad> funny</s><pad><pad><pad><pad>
874,semeval_2021_task_7,tensor(1),<pad> funny</s><pad><pad><pad><pad>
875,semeval_2021_task_7,tensor(1),<pad> funny</s><pad><pad><pad><pad>
876,semeval_2021_task_7,tensor(1),<pad> funny</s><pad><pad><pad><pad>
877,semeval_2021_task_7,tensor(1),<pad> funny</s><pad><pad><pad><pad>
878,semeval_2021_task_7,tensor(1),<pad> funny</s><pad><pad><pad><pad>
879,semeval_2021_task_7,tensor(1),<pad> funny</s><pad><pad><pad><pad>
880,semeval_2021_task_7,tensor(1),<pad> funny</s><pad><pad><pad><pad>
881,semeval_2021_task_7,tensor(1),<pad> unfunny</s>
882,semeval_2021_task_7,tensor(1),<pad> funny</s><pad><pad><pad><pad>
883,semeval_2021_task_7,tensor(1),<pad> funny</s><pad><pad><pad><pad>
884,semeval_2021_task_7,tensor(0),<pad> funny</s><pad><pad><pad><pad>
885,semeval_2021_task_7,tensor(0),<pad> funny</s><pad><pad><pad><pad>
886,semeval_2021_task_7,tensor(1),<pad> funny</s><pad><pad><pad><pad>
887,semeval_2021_task_7,tensor(0),<pad> unfunny</s>
888,semeval_2021_task_7,tensor(0),<pad> unfunny</s>
889,semeval_2021_task_7,tensor(1),<pad> funny</s><pad><pad><pad><pad>
890,semeval_2021_task_7,tensor(1),<pad> funny</s><pad><pad><pad><pad>
891,semeval_2021_task_7,tensor(0),<pad> unfunny</s>
892,semeval_2021_task_7,tensor(0),<pad> unfunny</s>
893,semeval_2021_task_7,tensor(0),<pad> unfunny</s>
894,semeval_2021_task_7,tensor(0),<pad> unfunny</s>
895,semeval_2021_task_7,tensor(1),<pad> funny</s><pad><pad><pad><pad>
896,semeval_2021_task_7,tensor(0),<pad> unfunny</s>
897,semeval_2021_task_7,tensor(1),<pad> funny</s><pad><pad><pad><pad>
898,semeval_2021_task_7,tensor(1),<pad> funny</s><pad><pad><pad><pad>
899,semeval_2021_task_7,tensor(0),<pad> unfunny</s>
900,semeval_2021_task_7,tensor(1),<pad> funny</s><pad><pad><pad><pad>
901,semeval_2021_task_7,tensor(0),<pad> unfunny</s>
902,semeval_2021_task_7,tensor(0),<pad> unfunny</s>
903,semeval_2021_task_7,tensor(1),<pad> funny</s><pad><pad><pad><pad>
904,semeval_2021_task_7,tensor(0),<pad> unfunny</s>
905,semeval_2021_task_7,tensor(1),<pad> funny</s><pad><pad><pad><pad>
906,semeval_2021_task_7,tensor(1),<pad> funny</s><pad><pad><pad><pad>
907,semeval_2021_task_7,tensor(0),<pad> funny</s><pad><pad><pad><pad>
908,semeval_2021_task_7,tensor(1),<pad> funny</s><pad><pad><pad><pad>
909,semeval_2021_task_7,tensor(1),<pad> funny</s><pad><pad><pad><pad>
910,semeval_2021_task_7,tensor(0),<pad> funny</s><pad><pad><pad><pad>
911,semeval_2021_task_7,tensor(0),<pad> unfunny</s>
912,semeval_2021_task_7,tensor(0),<pad> unfunny</s>
913,semeval_2021_task_7,tensor(1),<pad> funny</s><pad><pad><pad><pad>
914,semeval_2021_task_7,tensor(1),<pad> funny</s><pad><pad><pad><pad>
915,semeval_2021_task_7,tensor(1),<pad> funny</s><pad><pad><pad><pad>
916,semeval_2021_task_7,tensor(1),<pad> funny</s><pad><pad><pad><pad>
917,semeval_2021_task_7,tensor(0),<pad> unfunny</s>
918,semeval_2021_task_7,tensor(1),<pad> unfunny</s>
919,semeval_2021_task_7,tensor(1),<pad> unfunny</s>
920,semeval_2021_task_7,tensor(0),<pad> unfunny</s>
921,semeval_2021_task_7,tensor(1),<pad> funny</s><pad><pad><pad><pad>
922,semeval_2021_task_7,tensor(0),<pad> funny</s><pad><pad><pad><pad>
923,semeval_2021_task_7,tensor(1),<pad> funny</s><pad><pad><pad><pad>
924,semeval_2021_task_7,tensor(0),<pad> unfunny</s>
925,semeval_2021_task_7,tensor(1),<pad> funny</s><pad><pad><pad><pad>
926,semeval_2021_task_7,tensor(0),<pad> unfunny</s>
927,semeval_2021_task_7,tensor(0),<pad> unfunny</s>
928,semeval_2021_task_7,tensor(0),<pad> unfunny</s>
929,semeval_2021_task_7,tensor(1),<pad> funny</s><pad><pad><pad><pad>
930,semeval_2021_task_7,tensor(1),<pad> funny</s><pad><pad><pad><pad>
931,semeval_2021_task_7,tensor(0),<pad> unfunny</s>
932,semeval_2021_task_7,tensor(1),<pad> funny</s><pad><pad><pad><pad>
933,semeval_2021_task_7,tensor(1),<pad> funny</s><pad><pad><pad><pad>
934,semeval_2021_task_7,tensor(0),<pad> unfunny</s>
935,semeval_2021_task_7,tensor(1),<pad> funny</s><pad><pad><pad><pad>
936,semeval_2021_task_7,tensor(1),<pad> funny</s><pad><pad><pad><pad>
937,semeval_2021_task_7,tensor(1),<pad> funny</s><pad><pad><pad><pad>
938,semeval_2021_task_7,tensor(1),<pad> funny</s><pad><pad><pad><pad>
939,semeval_2021_task_7,tensor(0),<pad> unfunny</s>
940,semeval_2021_task_7,tensor(0),<pad> unfunny</s>
941,semeval_2021_task_7,tensor(1),<pad> funny</s><pad><pad><pad><pad>
942,semeval_2021_task_7,tensor(1),<pad> funny</s><pad><pad><pad><pad>
943,semeval_2021_task_7,tensor(0),<pad> funny</s><pad><pad><pad><pad>
944,semeval_2021_task_7,tensor(1),<pad> funny</s><pad><pad><pad><pad>
945,semeval_2021_task_7,tensor(1),<pad> funny</s><pad><pad><pad><pad>
946,semeval_2021_task_7,tensor(0),<pad> unfunny</s>
947,semeval_2021_task_7,tensor(0),<pad> unfunny</s>
948,semeval_2021_task_7,tensor(1),<pad> funny</s><pad><pad><pad><pad>
949,semeval_2021_task_7,tensor(0),<pad> funny</s><pad><pad><pad><pad>
950,semeval_2021_task_7,tensor(1),<pad> funny</s><pad><pad><pad><pad>
951,semeval_2021_task_7,tensor(1),<pad> unfunny</s>
952,semeval_2021_task_7,tensor(0),<pad> unfunny</s>
953,semeval_2021_task_7,tensor(0),<pad> funny</s><pad><pad><pad><pad>
954,semeval_2021_task_7,tensor(0),<pad> funny</s><pad><pad><pad><pad>
955,semeval_2021_task_7,tensor(1),<pad> funny</s><pad><pad><pad><pad>
956,semeval_2021_task_7,tensor(0),<pad> Unfunny</s>
957,semeval_2021_task_7,tensor(1),<pad> unfunny</s>
958,semeval_2021_task_7,tensor(0),<pad> unfunny</s>
959,semeval_2021_task_7,tensor(1),<pad> funny</s><pad><pad><pad><pad>
960,semeval_2021_task_7,tensor(0),<pad> unfunny</s>
961,semeval_2021_task_7,tensor(0),<pad> funny</s><pad><pad><pad><pad>
962,semeval_2021_task_7,tensor(1),<pad> funny</s><pad><pad><pad><pad>
963,semeval_2021_task_7,tensor(0),<pad> unfunny</s>
964,semeval_2021_task_7,tensor(0),<pad> unfunny</s>
965,semeval_2021_task_7,tensor(1),<pad> funny</s><pad><pad><pad><pad>
966,semeval_2021_task_7,tensor(1),<pad> funny</s><pad><pad><pad><pad>
967,semeval_2021_task_7,tensor(1),<pad> funny</s><pad><pad><pad><pad>
968,semeval_2021_task_7,tensor(1),<pad> funny</s><pad><pad><pad><pad>
969,semeval_2021_task_7,tensor(1),<pad> funny</s><pad><pad><pad><pad>
970,semeval_2021_task_7,tensor(1),<pad> funny</s><pad><pad><pad><pad>
971,semeval_2021_task_7,tensor(1),<pad> funny</s><pad><pad><pad><pad>
972,semeval_2021_task_7,tensor(0),<pad> unfunny</s>
973,semeval_2021_task_7,tensor(1),<pad> funny</s><pad><pad><pad><pad>
974,semeval_2021_task_7,tensor(1),<pad> funny</s><pad><pad><pad><pad>
975,semeval_2021_task_7,tensor(1),<pad> funny</s><pad><pad><pad><pad>
976,semeval_2021_task_7,tensor(1),<pad> funny</s><pad><pad><pad><pad>
977,semeval_2021_task_7,tensor(0),<pad> unfunny</s>
978,semeval_2021_task_7,tensor(1),<pad> funny</s><pad><pad><pad><pad>
979,semeval_2021_task_7,tensor(1),<pad> funny</s><pad><pad><pad><pad>
980,semeval_2021_task_7,tensor(1),<pad> funny</s><pad><pad><pad><pad>
981,semeval_2021_task_7,tensor(0),<pad> unfunny</s>
982,semeval_2021_task_7,tensor(1),<pad> funny</s><pad><pad><pad><pad>
983,semeval_2021_task_7,tensor(1),<pad> funny</s><pad><pad><pad><pad>
984,semeval_2021_task_7,tensor(1),<pad> funny</s><pad><pad><pad><pad>
985,semeval_2021_task_7,tensor(0),<pad> unfunny</s>
986,semeval_2021_task_7,tensor(1),<pad> funny</s><pad><pad><pad><pad>
987,semeval_2021_task_7,tensor(1),<pad> funny</s><pad><pad><pad><pad>
988,semeval_2021_task_7,tensor(1),<pad> funny</s><pad><pad><pad><pad>
989,semeval_2021_task_7,tensor(1),<pad> funny</s><pad><pad><pad><pad>
990,semeval_2021_task_7,tensor(0),<pad> unfunny</s>
991,semeval_2021_task_7,tensor(0),<pad> unfunny</s>
992,semeval_2021_task_7,tensor(1),<pad> funny</s><pad><pad><pad><pad>
993,semeval_2021_task_7,tensor(0),<pad> unfunny</s>
994,semeval_2021_task_7,tensor(1),<pad> funny</s><pad><pad><pad><pad>
995,semeval_2021_task_7,tensor(1),<pad> funny</s><pad><pad><pad><pad>
996,semeval_2021_task_7,tensor(0),<pad> unfunny</s>
997,semeval_2021_task_7,tensor(1),<pad> funny</s><pad><pad><pad><pad>
998,semeval_2021_task_7,tensor(0),<pad> unfunny</s>
999,semeval_2021_task_7,tensor(1),<pad> funny</s><pad><pad><pad><pad>
